ArtistName,TotalSales
Iron Maiden,138.5999999999998
U2,105.92999999999982
Metallica,90.0899999999999
Led Zeppelin,86.12999999999992
Lost,81.58999999999997
The Office,49.75000000000001
Os Paralamas Do Sucesso,44.550000000000004
Deep Purple,43.56
Faith No More,41.58
Eric Clapton,39.599999999999994
